ID,Latitud,Longitud,Peso
1,41.696446,-0.8685788,10.5
2,41.6715959,-0.8882247,10.1
3,41.6430736,-0.9095464,9.5
4,41.6401032,-0.9356444,9.3
5,41.624989,-0.876453,25.9
6,41.6457204,-0.8679305,17.5
7,41.6420716,-0.868363,13.4
8,41.6328966,-0.8888186,8.6
9,41.6276457,-0.8875604,11.4
10,41.6574344,-0.8871594,35.9
11,41.6524047,-0.8752563,12.7
12,41.6508053,-0.8796528,27.9
13,41.6395326,-0.9348102,13.1
14,41.6569971,-0.8881524,14.0
15,41.642304,-0.8685492,10.6
16,41.6497028,-0.9087224,22.6
17,41.6322115,-0.9086958,10.6
18,41.6487372,-0.8817685,20.9
19,41.6466663,-0.8622425,52.7
20,41.644647,-0.8807787,13.5
21,41.6478362,-0.8985473,30.1
22,41.6438284,-0.8754946,11.8
23,41.6567976,-0.88718,18.5
24,41.6458901,-0.8753358,24.1
25,41.6559748,-0.8644746,9.9
26,41.6691348,-0.8862698,13.3
27,41.5705596,-0.7387002,12.2
28,41.6475016,-0.8641021,21.9
29,41.6297752,-0.9075979,36.8
30,41.6272831,-0.8841162,9.7
31,41.6502848,-0.9074439,8.5
32,41.635856,-0.8843946,44.2
33,41.6605004,-0.8593366,18.2
34,41.6389384,-0.8959728,9.1
35,41.6748435,-0.8720366,11.1
36,41.7988226,-0.8162775,16.5
37,41.7066146,-1.0020565,12.5
38,41.6472682,-0.8978755,9.5
39,41.6258604,-0.8770245,24.1
40,41.6625406,-0.8800057,27.9
41,41.6474752,-0.8926841,13.1
42,41.6410836,-0.8657008,12.5
43,41.6388148,-0.8803063,16.9
44,41.6744846,-0.8841635,16.8
45,41.6519286,-0.8832306,13.9
46,41.6468432,-0.8616325,29.1
47,41.7075295,-1.0014894,12.3
48,41.659593,-0.8937422,51.9
49,41.6488463,-0.9230807,10.1
50,41.6495244,-0.9004222,17.0
51,41.644693,-0.8819212,13.5
52,41.6496302,-0.8808616,9.0
53,41.6412483,-0.8866932,18.1
54,41.5825416,-0.9199773,87.2
55,41.7162776,-0.842693,12.1
56,41.6512079,-0.8681578,47.9
57,41.645203,-0.8670014,19.5
58,41.6515467,-0.8821886,8.9
59,41.6477809,-0.8957864,18.1
60,41.6726909,-0.8389976,15.6
61,41.6408976,-0.8879437,13.7
62,41.7075336,-1.0014352,8.9
63,41.6505008,-0.9128471,8.9
64,41.6475383,-0.9157943,18.4
65,41.6610503,-0.8949953,13.2
66,41.6715207,-0.8873267,17.1
67,41.644262,-0.9121016,20.0
68,41.6459339,-0.9076604,40.5
69,41.6570456,-0.8882762,13.7
70,41.639027,-0.8755882,25.1
71,41.7066742,-1.0027444,8.4
72,41.6432542,-0.8689994,28.1
73,41.6391979,-0.8965768,15.3
74,41.6268707,-0.8863188,15.5
75,41.6481097,-0.9012236,13.5
76,41.6498462,-0.891025,10.0
77,41.657898,-0.8714764,14.3
78,41.6287887,-0.8847584,10.7
79,41.6715696,-0.8864038,11.7
80,41.6595793,-0.9306394,11.5
81,41.6472657,-0.8811395,30.7
82,41.6518942,-0.8748842,15.9
83,41.6629118,-0.8626734,24.9
84,41.9190979,-1.2522474,14.2
85,41.6275718,-0.8920241,12.3
86,41.7176757,-1.028352,9.7
87,41.6306999,-0.8822764,8.5
88,41.6450601,-0.8822717,17.4
89,41.6413155,-1.0006624,23.8
90,41.6445979,-0.8965426,9.4
91,41.645109,-0.8710468,9.4
92,41.6282118,-0.8824418,10.3
93,41.6365237,-0.8636607,11.0
94,41.6464788,-0.896864,18.7
95,41.6428372,-0.875185,35.7
96,41.6614625,-0.8646654,57.8
97,41.6611435,-0.8945732,11.4
98,41.6428489,-0.9101109,11.1
99,41.6451852,-0.8821316,11.1
100,41.6498434,-0.891366,19.2
101,41.6658858,-1.0095336,11.2
102,41.6571735,-0.884477,9.2
103,41.6588276,-0.871887,39.9
104,41.6341487,-0.8783791,28.5
105,41.6323246,-0.8765357,23.2
106,41.6584602,-0.8713799,23.3
107,41.6434362,-0.8829373,14.8
108,41.6513212,-0.8792574,9.3
109,41.6384393,-0.8844013,52.4
110,41.671172,-0.8850982,10.4
111,41.6516477,-0.9033834,33.5
112,41.6432198,-0.9104002,8.2
113,41.649335,-0.9178883,35.2
114,41.6436322,-0.8880742,10.6
115,41.6466969,-0.8662678,8.9
116,41.6497999,-0.9041445,10.2
117,41.646075,-0.8632248,10.7
118,41.6605765,-0.87677,9.0
119,41.6780042,-0.8742828,10.3
120,41.6525862,-0.8749895,10.3
121,41.6561267,-0.9016052,9.4
122,41.647099,-0.8796808,12.8
123,41.7727675,-0.8233604,11.3
124,41.6266887,-0.9104366,14.5
125,41.6556822,-0.9126716,27.9
126,41.6857952,-0.826377,21.0
127,41.6717053,-0.8757124,17.8
128,41.6557662,-0.9128518,48.9
129,41.7061598,-0.9992572,14.3
130,41.7062395,-1.0007934,19.5
131,41.638029,-0.9347968,8.4
132,41.6411477,-0.8724986,18.1
133,41.6597424,-0.932732,15.3
134,41.65115,-0.880324,22.9
135,41.6591328,-0.8995354,9.6
136,41.6507064,-0.867104,13.4
137,41.6447139,-0.9322181,2.2
138,41.6414218,-0.8823755,9.4
139,41.646428,-0.8636416,12.6
140,41.6570612,-0.89319,24.2
141,41.6533526,-0.8758541,9.5
142,41.6410928,-0.9116122,44.8
143,41.6316339,-0.8879402,10.7
144,41.6546442,-0.88573,16.5
145,41.6531689,-0.9080385,8.2
146,41.6503962,-0.8975226,13.2
147,41.6370563,-0.8785118,11.0
148,41.6454429,-0.8643091,15.4
149,41.6454099,-0.8837928,21.4
150,41.6564088,-0.8946169,12.8
151,41.6618126,-0.8792808,20.2
152,41.6458728,-0.8630506,8.4
153,41.6527257,-0.8706788,10.1
154,41.6595043,-0.8982936,12.3
155,41.6706454,-0.8913574,22.9
156,41.646338,-0.8916016,8.5
157,41.6686025,-0.9074494,14.5
158,41.7689168,-1.1173154,12.1
159,41.6356928,-0.8592492,27.7
160,41.6414536,-0.867194,2.3
161,41.7393029,-1.0363685,15.1
162,41.6388114,-0.8984458,14.5
163,41.6518508,-0.9058816,30.7
164,41.5967184,-0.9360925,19.0
165,41.6259192,-0.8769752,32.4
166,41.6383814,-0.8758107,11.5
167,41.6512976,-0.8766134,25.6
168,41.6790395,-0.886522,40.6
169,41.6417491,-0.8711856,15.6
170,41.6526625,-0.9085967,11.9
171,41.6481849,-0.8798911,26.3
172,41.643364,-0.8735257,16.9
173,41.6596784,-0.9328347,16.1
174,41.6484912,-0.8854952,14.6
175,41.6465092,-0.895982,61.1
176,41.6507914,-0.8679801,24.1
177,41.6284016,-0.8863173,8.9
178,41.6458015,-0.8739272,11.5
179,41.6488524,-0.8616066,9.5
180,41.6308495,-0.9137768,11.8
181,41.6515028,-0.8997496,8.2
182,41.6500573,-0.9155472,9.7
183,41.6607486,-0.8602758,22.8
184,41.6535936,-0.8793298,11.1
185,41.6602982,-0.8980867,10.8
186,41.6602183,-0.874132,10.1
187,41.657156,-0.8826972,14.7
188,41.6607059,-0.8995829,11.8
189,41.6557212,-0.8857434,11.6
190,41.6428592,-0.8837801,13.8
191,41.6536366,-0.8868342,17.8
192,41.6491444,-0.8800527,22.2
193,41.668947,-0.886651,9.1
194,41.6456345,-0.8903382,14.6
195,41.6594161,-0.9001428,12.4
196,41.6492428,-0.8979138,10.5
197,41.6537475,-0.9091382,10.9
198,41.8477761,-1.251324,14.3
199,41.6575069,-0.8579016,16.8
200,41.6615834,-0.8735836,14.2
201,41.6481641,-0.8835583,9.8
202,41.6784564,-0.8723066,11.6
203,41.6424377,-0.8826691,25.3
204,41.6413772,-0.8840536,10.2
205,41.6309641,-0.9058944,8.8
206,41.6512901,-0.9000567,9.1
207,41.6410673,-0.8891617,9.4
208,41.6467538,-0.9183319,27.5
209,41.6420682,-0.8890488,10.4
210,41.6431004,-0.9104548,15.6
211,41.6537914,-0.9265027,11.5
212,41.8291193,-0.7688897,12.5
213,41.643905,-0.8671274,9.6
214,41.6494968,-0.873608,9.1
215,41.6706759,-0.8837667,16.4
216,41.6435576,-0.8825874,9.1
217,41.6730045,-0.8737836,13.7
218,41.6274992,-0.8915763,28.1
219,41.6416485,-0.8884154,11.9
220,41.646011,-0.8609054,13.6
221,41.6501095,-0.8627304,11.3
222,41.641856,-0.8920222,8.4
223,41.6529731,-0.9093897,39.7
224,41.6688151,-0.8868904,9.1
225,41.6597449,-0.8770566,13.4
226,41.6387273,-0.8885815,11.6
227,41.6655137,-0.8080306,13.4
228,41.6462197,-0.8630696,10.3
229,41.653666,-0.8864662,24.5
230,41.6368201,-0.8844866,9.6
231,41.6607794,-0.8768898,17.4
232,41.6666596,-0.8282994,11.9
233,41.6377378,-0.9315889,12.6
234,41.6555722,-0.9154375,66.0
235,41.6624011,-0.8800204,23.1
236,41.6414426,-0.8698987,9.0
237,41.6503113,-0.9148548,9.5
238,41.6593283,-0.8995074,9.0
239,41.6456163,-0.8652794,17.8
240,41.6551786,-0.907896,8.8
241,41.6684293,-0.8859314,9.1
242,41.6547903,-0.9090382,16.8
243,41.6490032,-0.8874848,12.1
244,41.6556707,-0.8847086,12.9
245,41.6466653,-0.8891436,10.8
246,41.6609115,-0.8970846,12.1
247,41.6499005,-0.906435,9.8
248,41.6607668,-0.9027654,25.6
249,41.6418148,-0.8887428,11.5
250,41.6454974,-0.8959625,9.9
251,41.6419672,-0.8703922,23.0
252,41.641207,-0.8657542,13.2
253,41.6379494,-0.8910806,26.9
254,41.7666896,-1.1248128,17.3
255,41.6423856,-0.8682716,29.7
256,41.6417798,-0.871256,14.7
257,41.6486445,-0.9134892,45.8
258,41.6350444,-0.878352,8.2
259,41.7117688,-0.9956836,25.1
260,41.6556412,-0.9017862,36.3
261,41.7442679,-1.1622101,13.3
262,41.6418506,-0.8666125,21.9
263,41.6519562,-0.8766098,19.6
264,41.6616469,-0.8628964,17.6
265,41.7046838,-1.0004234,20.8
266,41.6518288,-0.8703244,67.3
267,41.7016764,-0.9971817,52.1
268,41.6540624,-0.9060469,26.4
269,41.6349782,-0.8767468,10.7
270,41.6533784,-0.8801806,11.7
271,41.6443208,-0.8993316,9.6
272,41.6443359,-0.887516,11.2
273,41.640498,-0.8842052,25.1
274,41.6557414,-0.8879252,9.8
275,41.6461709,-0.9133156,28.4
276,41.6436197,-0.9100535,11.5
277,41.6528699,-0.8817622,24.5
278,41.6442346,-0.8908716,12.3
279,41.7067631,-1.0027101,13.5
280,41.6523772,-0.9070808,9.8
281,41.6722106,-0.8922894,26.9
282,41.6315241,-0.9102872,9.6
283,41.6281972,-0.8913504,9.3
284,41.6403461,-0.8884313,28.6
285,41.7137846,-1.0211439,83.9
286,41.6479325,-0.8806254,31.3
287,41.6568115,-0.8918772,28.7
288,41.6351941,-0.8792233,22.9
289,41.6457304,-0.9878,11.7
290,41.6394645,-0.8838832,34.7
291,41.644098,-0.876519,54.6
292,41.6485006,-0.900001,16.3
293,41.6073317,-0.8913364,27.5
294,41.6571723,-0.8826868,9.2
295,41.6578896,-0.870216,11.4
296,41.6365496,-0.8716383,13.8
297,41.6375248,-0.882113,20.0
298,41.643543,-0.8825971,9.1
299,41.6453972,-0.8746428,33.2
300,41.6782048,-0.8714166,12.5
301,41.6500988,-0.8730994,13.7
302,41.6488196,-0.8872879,21.9
303,41.6491826,-0.8593719,9.3
304,41.6366096,-0.8795622,9.8
305,41.6443257,-0.8603538,51.6
306,41.6623651,-0.8977936,20.1
307,41.6468568,-0.8912372,11.3
308,41.6507736,-0.8756476,42.7
309,41.6456315,-0.8713118,12.1
310,41.6628803,-0.862749,48.3
311,41.6436578,-0.8685468,12.2
312,41.6452722,-0.8624057,11.7
313,41.7066264,-1.0028948,12.5
314,41.6656254,-0.8821731,53.5
315,41.663797,-0.8600205,12.0
316,41.647802,-0.88338,16.1
317,41.6534025,-0.9104094,29.1
318,41.6737112,-0.873878,10.1
319,41.6338528,-0.8774015,50.8
320,41.6401042,-0.9079622,49.9
321,41.6475986,-0.9155992,25.4
322,41.6388984,-0.898022,12.7
323,41.638172,-0.8789736,19.0
324,41.6300647,-0.9355256,12.3
325,41.6414716,-0.883976,15.2
326,41.6007029,-0.9239382,10.9
327,41.664048,-0.8600727,23.3
328,41.6384882,-0.8681838,16.0
329,41.66116,-0.8742892,34.2
330,41.5563496,-0.9598328,10.9
331,41.659085,-0.8652018,12.6
332,41.6486989,-0.8894676,14.6
333,41.6417706,-0.888596,12.4
334,41.6443895,-0.8596488,29.8
335,41.6713113,-0.8867676,25.4
336,41.6384836,-0.8695274,33.4
337,41.6369529,-0.877684,30.9
338,41.6269674,-0.879876,9.2
339,41.6476617,-0.8980942,12.0
340,41.6457221,-0.8821197,12.3
341,41.6391135,-0.897823,9.2
342,41.5716224,-0.7439825,11.2
343,41.6451546,-0.8886259,17.4
344,41.6384892,-0.8959518,10.1
345,41.9202843,-1.2559802,36.6
346,41.6505318,-0.9085965,9.3
347,41.6615695,-0.8581093,39.8
348,41.6599634,-0.8957856,40.0
349,41.645082,-0.8917953,13.3
350,41.6437646,-0.9094137,10.7
351,41.6405212,-0.8711062,12.7
352,41.65057,-0.9118059,11.0
353,41.6532811,-0.8848814,11.1
354,41.660948,-0.8944498,15.9
355,41.6513507,-0.8805941,11.4
356,41.6637848,-0.8601192,13.0
357,41.6347406,-0.8768976,12.3
358,41.6450166,-0.8709246,16.7
359,41.6323554,-0.872378,25.0
360,41.6696866,-0.8918981,39.6
361,41.6488684,-0.8699404,28.5
362,41.6448481,-0.866,16.1
363,41.6515562,-0.8822352,10.8
364,41.652293,-0.8972814,23.3
365,41.6500463,-0.8795052,11.1
366,41.6524776,-0.8988255,9.2
367,41.638469,-0.8794056,14.0
368,41.6543504,-0.9000566,11.6
369,41.6526835,-0.8840515,101.0
370,41.6456788,-0.8738238,15.7
371,41.6362728,-0.8785291,33.7
372,41.6507342,-0.897956,26.4
373,41.6530783,-0.9086312,9.4
374,41.6551273,-0.8768882,13.2
375,41.6498511,-0.8884148,17.3
376,41.6480238,-0.9071875,45.4
377,41.6424476,-0.884155,17.3
378,41.6423764,-0.8944642,28.5
379,41.6394258,-0.8810879,31.3
380,41.6417436,-0.8920174,8.8
381,41.6349268,-0.8819788,24.9
382,41.6697766,-0.8765741,25.7
383,41.7067962,-1.0018417,15.7
384,41.647296,-0.8916598,13.3
385,41.7061363,-1.0029365,14.0
386,41.6322,-0.8884279,13.3
387,41.6613014,-0.8959524,13.4
388,41.657013,-0.8882604,9.1
389,41.6507107,-0.911912,56.7
390,41.6555055,-0.888262,10.8
391,41.7061628,-1.0030448,8.1
392,41.655503,-0.9092326,31.2
393,41.6610127,-0.8943814,11.1
394,41.6273971,-0.8920969,9.0
395,41.6301296,-0.8870326,11.4
396,41.6371019,-0.8811212,12.1
397,41.6456872,-0.894594,10.9
398,41.6726936,-0.8299128,12.9
399,41.7717844,-0.8308085,10.9
400,41.6505655,-0.8870695,32.9
401,41.6319712,-0.8796688,17.9
402,41.6496561,-0.8730389,9.9
403,41.6721644,-0.8839361,12.5
404,41.6421893,-0.8679094,11.4
405,41.6611362,-0.8628924,13.1
406,41.6563381,-0.8891851,10.3
407,41.6008918,-0.9221033,25.8
408,41.6267924,-0.8823868,10.0
409,41.632133,-0.9088598,11.8
410,41.6355094,-0.8796534,30.6
411,41.6423502,-0.8852609,34.9
412,41.6497882,-0.8909877,11.6
413,41.6504025,-0.86026,8.2
414,41.6555436,-0.8954621,25.2
415,41.640756,-0.9083628,50.9
416,41.6450763,-0.8860404,55.3
417,41.6539368,-0.8774568,25.3
418,41.6283471,-0.8877394,21.0
419,41.6716976,-0.8861752,14.6
420,41.6561468,-0.8788664,22.4
421,41.5709583,-0.738625,8.9
422,41.6548429,-0.8940846,10.8
423,41.7061984,-1.0026025,9.4
424,41.6620014,-0.9381049,48.2
425,41.6451422,-0.9148958,13.2
426,41.6438998,-0.8683204,13.8
427,41.6483694,-0.9160081,25.7
428,41.650501,-0.90501,8.8
429,41.6502218,-0.89643,10.0
430,41.6598972,-0.9327352,13.0
431,41.6535374,-0.881458,13.5
432,41.6503333,-0.8603258,8.2
433,41.648067,-0.8809194,23.1
434,41.6467506,-0.8624505,16.1
435,41.6611368,-0.8776531,24.1
436,41.6349656,-0.8875782,13.1
437,41.6548967,-0.898333,16.1
438,41.6504788,-0.8790062,9.1
439,41.635842,-0.874307,12.5
440,41.6392589,-0.8980344,10.0
441,41.6578532,-0.9302731,11.4
442,41.6481497,-0.9010932,9.3
443,41.657062,-0.8911086,40.7
444,41.6430592,-0.8655838,9.0
445,41.6480823,-0.8999346,9.1
446,41.6284916,-0.8848356,17.0
447,41.6538086,-0.8819337,11.0
448,41.6672671,-0.8780622,9.8
449,41.6399266,-0.8707827,25.6
450,41.6402699,-0.896482,9.5
451,41.6431269,-0.8831189,12.1
452,41.6497135,-0.8969484,2.0
453,41.6456805,-0.8901642,8.7
454,41.6290094,-0.8819026,9.3
455,41.6489033,-0.8874025,15.1
456,41.5705546,-0.7369204,97.3
457,41.6267013,-0.8841004,21.6
458,41.6447494,-0.862451,15.7
459,41.6275832,-0.8915984,9.3
460,41.5789239,-1.116926,11.8
461,41.650973,-0.8947144,11.2
462,41.6615829,-0.8734646,10.3
463,41.6455164,-0.8903608,9.2
464,41.6478194,-0.894275,27.2
465,41.6407506,-0.8703202,11.0
466,41.6582594,-0.870918,9.1
467,41.6521695,-0.9068024,20.0
468,41.6345654,-0.876879,15.1
469,41.6451424,-0.8829702,21.2
470,41.6725532,-0.8720423,9.1
471,41.6612334,-0.8791412,11.5
472,41.6528106,-0.8695392,34.8
473,41.654066,-0.9064562,9.2
474,41.6711803,-0.8916131,37.5
475,41.6424439,-0.8832306,14.0
476,41.642535,-0.8720892,11.0
477,41.6605369,-0.8985566,48.9
478,41.707515,-1.0014754,12.8
479,41.6535944,-0.8846909,11.3
480,41.6485727,-0.9230118,25.4
481,41.6631601,-0.897864,9.6
482,41.638972,-0.897954,20.0
483,41.6492665,-0.8599198,9.5
484,41.6436884,-0.8965291,8.9
485,41.6447703,-0.8621661,13.8
486,41.6453376,-0.8979801,22.9
487,41.6889646,-0.874398,10.8
488,41.57286,-0.7409521,12.0
489,41.7065684,-1.0020634,21.0
490,41.6548092,-0.898449,12.0
491,41.6830942,-0.8719822,18.4
492,41.6518509,-0.903434,24.9
493,41.6780718,-0.8728485,11.8
494,41.6454644,-0.8624494,23.2
495,41.6260662,-0.8811514,9.1
496,41.6388243,-0.8980908,16.1
497,41.62979,-0.880893,67.0
498,41.6414224,-0.872238,17.6
499,41.6432351,-0.8688912,38.6
500,41.6464556,-0.8700652,15.5
501,41.6497801,-0.8772805,15.3
502,41.6446168,-0.8748309,15.0
503,41.6457561,-0.8654198,30.6
504,41.6626546,-0.879828,14.2
505,41.6451671,-0.8711716,30.1
506,41.6450665,-0.8655774,21.3
507,41.6450082,-0.8751856,22.4
508,41.6505467,-0.9109694,17.9
509,41.6329012,-0.8864198,39.2
510,41.649173,-0.8592822,12.0
511,41.6496993,-0.9141707,49.7
512,41.868225,-0.787474,15.3
513,41.6351521,-0.8871492,13.0
514,41.6495882,-0.8631552,22.8
515,41.5931304,-0.9311534,28.7
516,41.6473235,-0.8813049,27.7
517,41.6692879,-0.8832454,31.3
518,41.6535054,-0.875743,10.8
519,41.6581752,-0.9363986,13.6
520,41.6458778,-0.890242,9.2
521,41.6440071,-0.8933822,12.3
522,41.6415741,-0.8760189,30.6
523,41.6516346,-0.873267,9.4
524,41.6430364,-0.8893026,29.1
525,41.6475225,-0.8643732,29.0
526,41.6274526,-0.8918376,9.0
527,41.4768394,-1.3825852,13.8
528,41.6610644,-0.8946052,12.2
529,41.6543752,-0.9000052,12.7
530,41.6481433,-0.8750831,19.4
531,41.6450868,-0.8676654,15.6
532,41.6549965,-0.8769356,20.3
533,41.6475844,-0.89601,11.3
534,41.6434972,-0.8888012,23.1
535,41.7393415,-1.0367024,11.2
536,41.7380756,-1.1004788,40.4
537,41.6428026,-0.8927754,11.9
538,41.6422194,-0.8828836,9.8
539,41.6549548,-0.8777906,10.2
540,41.6459493,-0.8752196,31.9
541,41.6418078,-0.8683044,9.5
542,41.6436838,-0.866792,11.4
543,41.6385424,-0.8846544,16.4
544,41.6273604,-0.91201,16.8
545,41.6556138,-0.8886056,12.7
546,41.6269016,-0.9116549,18.1
547,41.7694758,-0.8239601,13.0
548,41.6580125,-0.936383,14.6
549,41.6522296,-0.87668,19.7
550,41.6404032,-0.8840418,26.0
551,41.649094,-0.9220752,22.4
552,41.6386436,-0.8744122,12.5
553,41.6467756,-0.922894,14.6
554,41.6255214,-0.9263891,15.3
555,41.6697166,-0.8761354,20.8
556,41.6383956,-0.8976242,16.2
557,41.6688369,-0.886998,9.1
558,41.6403154,-0.9080536,42.0
559,41.6503876,-0.8717803,12.1
560,41.6459552,-0.9135219,28.6
561,41.6559698,-0.9016128,13.4
562,41.5706115,-0.7387283,26.3
563,41.6619862,-0.8023658,43.4
564,41.6611192,-0.8733682,18.4
565,41.649922,-0.8895172,13.7
566,41.6243486,-0.8754544,9.6
567,41.6529659,-0.9101444,20.6
568,41.6725194,-0.8773752,23.1
569,41.6390903,-0.883659,23.0
570,41.6488098,-0.8694778,54.9
571,41.6365764,-0.8764522,12.9
572,41.6478534,-0.8942842,17.8
573,41.6403497,-0.8666823,27.1
574,41.6496984,-0.9047678,15.6
575,41.6417941,-0.8886742,9.3
576,41.662332,-0.8799006,27.9
577,41.6430984,-0.8657601,39.5
578,41.6535352,-0.8743898,10.9
579,41.6366984,-0.8762458,15.1
580,41.6748761,-0.8716249,13.9
581,41.6454273,-0.8645608,22.8
582,41.638732,-0.8694779,9.2
583,41.6563651,-0.8842612,8.8
584,41.6450644,-0.8643601,12.3
585,41.6535914,-0.9104123,53.0
586,41.6504573,-0.9147624,16.5
587,41.6532614,-0.9208196,11.8
588,41.6279271,-0.8916325,8.3
589,41.6443374,-0.8641466,10.4
590,41.627314,-0.8798974,19.9
591,41.6747647,-0.883609,18.0
592,41.6423265,-0.8918947,10.0
593,41.6496666,-0.8624936,23.3
594,41.6690708,-0.8876926,9.3
595,41.6605681,-0.8668615,11.2
596,41.6444809,-0.8965353,11.5
597,41.7076812,-1.0012201,9.7
598,41.6403146,-0.8883424,23.9
599,41.6450011,-0.8668246,12.7
600,41.6492606,-0.8911335,37.1
601,41.556421,-0.9597347,12.5
602,41.717091,-1.0213447,11.9
603,41.6353166,-0.8754488,26.1
604,41.6454514,-0.8664482,16.9
605,41.6275903,-0.8921546,17.4
606,41.6387372,-0.8801549,9.0
607,41.641266,-0.8926854,16.1
608,41.6419226,-0.891968,8.0
609,41.715416,-0.9957242,40.9
610,41.6363956,-0.8635632,16.2
611,41.6585401,-0.8746179,12.5
612,41.6314485,-0.9102094,13.4
613,41.6541152,-0.880456,9.7
614,41.6730088,-0.8738946,12.5
615,41.6258584,-0.8782166,22.6
616,41.6329927,-0.8888188,8.8
617,41.6413634,-0.871565,16.5
618,41.6333477,-0.8747322,35.2
619,41.6333109,-0.8777017,18.8
620,41.641045,-0.8891605,12.2
621,41.6521307,-0.9112724,9.1
622,41.5918316,-0.9416221,41.9
623,41.6490632,-0.8986522,48.3
624,41.6569518,-0.8825778,22.8
625,41.7067808,-1.0026037,11.3
626,41.6402718,-0.8854722,18.2
627,41.6427019,-0.9112204,9.0
628,41.6418339,-0.8888061,12.1
629,41.639102,-0.9344881,9.9
630,41.6458217,-0.8910635,13.5
631,41.6464976,-0.8824232,11.1
632,41.6255932,-0.8783535,16.3
633,41.7115451,-0.9956303,13.9
634,41.6480478,-0.9018177,8.3
635,41.6435434,-0.9099872,11.7
636,41.658382,-0.936518,10.2
637,41.6501588,-0.88138,9.7
638,41.657292,-0.884359,16.2
639,41.6304121,-0.88684,10.9
640,41.64828,-0.8604505,10.6
641,41.6444963,-0.8803106,55.6
642,41.6399628,-0.8944449,14.3
643,41.6621671,-0.8788676,32.7
644,41.6472722,-0.9011526,36.1
645,41.7078101,-0.9998948,13.9
646,41.6350508,-0.9119228,80.4
647,41.6521634,-0.9029982,12.7
648,41.6504774,-0.9077234,8.6
649,41.6487987,-0.8613396,12.7
650,41.6472086,-0.8819812,53.8
651,41.627116,-0.8846499,10.9
652,41.6488557,-0.9117477,20.0
653,41.6500993,-0.8716719,10.2
654,41.668976,-0.887003,9.1
655,41.652218,-0.8972634,34.1
656,41.6380099,-0.8834516,19.4
657,41.6449098,-0.8815833,13.4
658,41.6240287,-0.8757272,23.8
659,41.6431776,-0.8719752,13.1
660,41.6841446,-0.8729268,13.7
661,41.5992793,-1.2811911,13.1
662,41.6562202,-0.8930303,12.6
663,41.6390566,-0.8811182,60.0
664,41.6459668,-0.8629829,11.2
665,41.6669125,-0.832219,11.5
666,41.6553743,-0.9047958,23.3
667,41.6408811,-0.8886092,13.2
668,41.6487735,-0.889555,10.4
669,41.6510223,-0.9011609,15.4
670,41.6392474,-0.8845106,54.3
671,41.6520345,-0.9127807,10.3
672,41.6721302,-0.885139,24.3
673,41.6717656,-0.8861389,13.5
674,41.6506241,-0.8680679,32.5
675,41.6358209,-0.878214,13.3
676,41.6583332,-0.8660175,17.6
677,41.6327774,-0.8767924,13.7
678,41.6384936,-0.8688296,11.0
679,41.6491088,-0.8819388,24.2
680,41.6250021,-0.8780562,35.6
681,41.6367352,-0.8773517,9.5
682,41.65421,-0.8983324,43.7
683,41.6713802,-0.8874826,26.5
684,41.6369256,-0.8784005,9.9
685,41.6468579,-0.8924176,22.1
686,41.645336,-0.8929686,11.4
687,41.6454564,-0.8896078,29.6
688,41.6500702,-0.8231876,18.6
689,41.6513762,-0.9133958,22.0
690,41.7374235,-1.0995426,32.1
691,41.5567703,-0.9605562,10.0
692,41.6715242,-0.887982,29.7
693,41.6450664,-0.8710944,9.9
694,41.6612079,-0.8986119,12.6
695,41.6291739,-0.8857636,16.5
696,41.6510418,-0.8947738,10.7
697,41.6498983,-0.8774104,10.7
698,41.6440464,-0.8882236,9.8
699,41.6499878,-0.8626042,8.7
700,41.6570428,-0.8575788,27.3
701,41.6523776,-0.8755947,13.0
702,41.6570716,-0.8647142,10.3
703,41.6492164,-0.8872162,12.7
704,41.6455705,-0.8888165,12.9
705,41.6775722,-0.8714586,95.0
706,41.6504671,-0.8808838,12.3
707,41.6564794,-0.9196629,13.2
708,41.6613289,-0.8985052,15.3
709,41.6707771,-0.8837674,18.0
710,41.6770275,-0.861135,13.3
711,41.639515,-0.8740864,12.3
712,41.6476614,-0.8961218,10.3
713,41.6402884,-0.9373228,11.7
714,41.6507814,-0.9050631,8.4
715,41.6391126,-0.8778064,13.0
716,41.6504085,-0.8602586,8.2
717,41.6544246,-0.8888304,9.2
718,41.6429688,-0.8891642,12.6
719,41.631023,-0.9081691,13.4
720,41.6352832,-0.8811725,14.5
721,41.6431488,-0.8935193,10.6
722,41.651267,-0.9160178,10.8
723,41.6556196,-0.8660078,18.9
724,41.6435852,-0.86721,23.5
725,41.6367908,-0.8760417,25.9
726,41.6315868,-0.8874707,34.1
727,41.7010438,-0.9972414,14.4
728,41.6615513,-0.8982244,43.5
729,41.643045,-0.8896622,28.4
730,41.6293982,-0.9296882,13.0
731,41.6459123,-0.8652163,12.6
732,41.6424353,-0.8944238,12.6
733,41.6725008,-0.8724804,19.8
734,41.6433898,-0.8690402,9.0
735,41.672102,-0.8851036,15.0
736,41.6554128,-0.9042158,28.3
737,41.6451084,-0.891436,13.7
738,41.6416742,-0.883485,33.1
739,41.6400525,-0.9854973,13.4
740,41.6454202,-0.8740542,9.9
741,41.6461429,-0.8889758,22.1
742,41.6419767,-0.8890132,11.5
743,41.6440566,-0.8952464,17.5
744,41.7696952,-0.824117,11.7
745,41.6630688,-0.872236,13.1
746,41.6594351,-0.8983705,18.7
747,41.6476856,-0.9003932,9.1
748,41.77471,-0.8214558,12.5
749,41.649616,-0.8808434,9.0
750,41.6430619,-0.8660996,8.1
751,41.6275779,-0.8914459,12.9
752,41.6504709,-0.9139858,10.5
753,41.6543152,-0.9135186,56.3
754,41.6327915,-0.8840366,12.2
755,41.6697771,-0.8761318,30.7
756,41.642579,-0.8936954,15.5
757,41.6421448,-0.868049,9.5
758,41.6239958,-0.8783948,8.8
759,41.7066678,-1.0021281,13.8
760,41.5861646,-1.2475848,27.3
761,41.646863,-0.8646424,26.9
762,41.6499281,-0.8903097,21.6
763,41.6349129,-0.8788023,55.7
764,41.6624276,-0.8976954,14.3
765,41.6489512,-0.8598872,14.3
766,41.6463324,-0.8830696,26.1
767,41.6535842,-0.8866514,6.5
768,41.6426158,-0.874451,10.5
769,41.642089,-0.8859875,29.3
770,41.6405698,-0.9117099,41.0
771,41.707182,-0.9989337,17.4
772,41.6732444,-0.8882456,11.2
773,41.6273846,-0.8914272,12.0
774,41.6482244,-0.879946,16.2
775,41.6551586,-0.8953222,10.6
776,41.6535016,-0.8867154,21.4
777,41.6672648,-0.8780566,9.8
778,41.6621012,-0.8747521,11.6
779,41.6635909,-0.9320487,12.7
780,41.649139,-0.9213222,11.2
781,41.6384176,-0.864245,10.3
782,41.6453048,-0.8993593,27.3
783,41.6754653,-0.8717282,10.6
784,41.6499459,-0.8727084,28.5
785,41.6499586,-0.8627531,13.1
786,41.6504856,-0.9139156,11.2
787,41.655749,-0.8854705,8.8
788,41.6384608,-0.897574,15.2
789,41.6446314,-0.871576,52.1
790,41.6722544,-0.8856422,19.0
791,41.6365096,-0.8795268,9.3
792,41.6460166,-0.8941474,15.8
793,41.6614343,-0.8584378,19.0
794,41.7373525,-1.0994521,12.5
795,41.480728,-1.3754996,14.0
796,41.592107,-0.9311929,59.6
797,41.6475338,-0.894281,9.5
798,41.6553168,-0.8841742,31.3
799,41.6449005,-0.864306,13.3
800,41.6591626,-0.8651772,11.8
801,41.6332443,-0.8874954,29.2
802,41.6722452,-0.8773592,26.6
803,41.6611108,-0.8775725,15.1
804,41.6479137,-0.8625584,12.9
805,41.6564841,-0.8893824,16.8
806,41.6350655,-0.8825516,14.6
807,41.650165,-0.9009222,10.4
808,41.6580666,-0.919297,13.7
809,41.645825,-0.9090942,29.8
810,41.6512216,-0.868411,30.2
811,41.640703,-0.8699884,10.8
812,41.6274818,-0.8875775,15.9
813,41.6554784,-0.9041966,18.2
814,41.6696081,-0.8780393,15.2
815,41.6289468,-0.888165,22.4
816,41.654671,-0.8990502,37.7
817,41.6392296,-0.8950928,16.5
818,41.6588747,-0.899318,8.3
819,41.6377668,-0.8753602,12.2
820,41.6404839,-0.8659101,9.1
821,41.6462414,-0.8644486,10.4
822,41.6414078,-0.886691,13.9
823,41.6464955,-0.8985768,15.6
824,41.6266688,-0.9104346,13.3
825,41.6348538,-0.8773592,15.3
826,41.6567712,-0.8919642,32.9
827,41.657622,-0.8577712,24.4
828,41.6364293,-0.8926564,26.0
829,41.6499673,-0.9113713,13.3
830,41.6540494,-0.8741498,9.3
831,41.6437178,-0.8872912,10.7
832,41.6497905,-0.8738886,20.0
833,41.744847,-0.846851,11.5
834,41.5931475,-0.9312256,22.7
835,41.6383128,-0.8792217,25.8
836,41.625804,-0.8770723,27.8
837,41.6534976,-0.8791884,8.6
838,41.64055,-0.86618,15.1
839,41.6484434,-0.904976,10.7
840,41.6372821,-0.8997762,13.4
841,41.6594555,-0.8702142,12.3
842,41.6411553,-0.8860696,12.8
843,41.638854,-0.888877,9.8
844,41.6438316,-0.8964351,17.0
845,41.5922252,-0.929833,12.8
846,41.6489256,-0.8888283,19.4
847,41.653609,-0.8866794,14.5
848,41.7372753,-1.0995646,11.7
849,41.6629621,-0.8981132,11.6
850,41.6408339,-0.8908934,19.2
851,41.6422589,-0.8690774,11.9
852,41.8299576,-0.7683338,11.8
853,41.6745491,-0.884517,13.5
854,41.6527551,-0.8799094,12.6
855,41.7066543,-1.000365,9.0
856,41.6373266,-0.9309686,12.7
857,41.6425412,-0.8832297,11.4
858,41.6615576,-0.8953476,9.5
859,41.5379407,-0.9950898,22.5
860,41.6497997,-0.8224031,22.6
861,41.644115,-0.8932798,14.3
862,41.6537654,-0.8724076,16.0
863,41.671041,-0.8734962,9.9
864,41.6448252,-0.8658493,28.1
865,41.6509193,-0.9000979,11.5
866,41.6425145,-0.8729432,9.1
867,41.6573624,-0.8916208,33.3
868,41.6525512,-0.9269409,11.9
869,41.6600197,-0.8774816,12.3
870,41.627112,-0.9117263,11.6
871,41.6430225,-0.8744292,8.5
872,41.642459,-0.8729868,9.1
873,41.6571602,-0.8844694,9.2
874,41.6715169,-0.8777702,11.5
875,41.6423122,-0.8695464,13.0
876,41.6430169,-0.8658773,12.0
877,41.6531838,-0.8848628,11.1
878,41.6446902,-0.8797053,42.7
879,41.6533058,-0.8699931,10.7
880,41.6602736,-0.8940694,9.0
881,41.6449974,-0.8916372,14.3
882,41.6498102,-0.8633524,11.8
883,41.6274276,-0.8874431,9.7
884,41.6419008,-0.8934666,23.3
885,41.7696864,-0.8291235,13.2
886,41.6460057,-0.8977278,10.0
887,41.6401183,-0.9079172,47.4
888,41.6928322,-0.8980968,10.2
889,41.6627734,-0.8725488,24.1
890,41.6420206,-0.8886395,15.5
891,41.6412092,-0.8721768,12.1
892,41.6580345,-0.885925,28.2
893,41.6678663,-0.8892551,44.5
894,41.6396326,-0.8814938,45.1
895,41.65088,-0.8819439,41.2
896,41.6555634,-0.8885344,16.4
897,41.6389398,-0.8751683,30.7
898,41.6274711,-0.8919681,10.3
899,41.642923,-0.888142,14.1
900,41.6729302,-0.8737003,10.8
901,41.708327,-0.9985591,13.0
902,41.6422027,-0.8866841,45.0
903,41.6610172,-0.8946856,13.1
904,41.6364251,-0.8763202,11.1
905,41.6604874,-0.8667898,11.0
906,41.6460244,-0.8738373,20.5
907,41.6412476,-0.8943145,17.4
908,41.6509396,-0.9003452,8.8
909,41.6596188,-0.9308594,26.8
910,41.6466531,-0.8728343,27.2
911,41.6315431,-0.8774733,9.5
912,41.5558649,-0.9614756,14.4
913,41.6526196,-0.8733567,12.1
914,41.6404879,-0.8961116,14.8
915,41.6480128,-0.861484,18.4
916,41.66123,-0.8971091,13.6
917,41.6535756,-0.9086091,10.6
918,41.6272542,-0.8840018,10.6
919,41.6276503,-0.8919112,15.1
920,41.642565,-0.8684098,11.4
921,41.6274158,-0.8922086,12.5
922,41.6491714,-0.859956,16.7
923,41.6440626,-0.8708812,13.3
924,41.6453316,-0.8643828,13.0
925,41.6520773,-0.8768522,13.4
926,41.7062221,-0.9993178,10.0
927,41.6713322,-0.8727414,25.5
928,41.6426407,-0.8649878,55.3
929,41.6476556,-0.8980929,10.7
930,41.6433033,-0.8719448,18.6
931,41.6600538,-0.9002582,14.6
932,41.6452889,-0.8600858,15.1
933,41.7036724,-0.9967124,11.5
934,41.6308429,-0.8896027,10.0
935,41.6755979,-0.8707596,34.7
936,41.6454664,-0.8621888,21.7
937,41.5931662,-0.9313181,16.8
938,41.6596326,-0.9006684,8.9
939,41.6511085,-0.8771464,9.1
940,41.642405,-0.9101713,73.5
941,41.6466301,-0.9757163,17.2
942,41.6479168,-0.8637186,9.8
943,41.6455199,-0.8823916,12.6
944,41.6522934,-0.908962,16.5
945,41.6380527,-0.8792902,9.2
946,41.7083037,-0.9982288,10.2
947,41.6407351,-0.9083328,51.6
948,41.6412648,-0.8927704,16.2
949,41.7074726,-0.9985003,11.2
950,41.6490802,-0.9131996,24.3
951,41.6463036,-0.9137174,29.5
952,41.6730036,-0.8736708,9.4
953,41.6386072,-0.8678858,34.7
954,41.6462351,-0.8832373,29.5
955,41.6556811,-0.9126736,36.6
956,41.6427421,-0.8928556,13.7
957,41.6437379,-0.870356,20.0
958,41.6503778,-0.878776,14.6
959,41.6504678,-0.8755351,16.6
960,41.6481397,-0.8622885,10.7
961,41.6268578,-0.8799934,8.5
962,41.6442876,-0.897042,15.0
963,41.6483492,-0.8987308,26.6
964,41.6446814,-0.8784754,24.4
965,41.6451358,-0.8712158,18.1
966,41.6514898,-0.8792196,45.6
967,41.6470333,-0.8981394,9.7
968,41.6422416,-0.8874976,9.0
969,41.6395375,-0.8956223,9.1
970,41.6444239,-0.8951124,14.3
971,41.6273636,-0.8878149,10.4
972,41.6439912,-0.8821923,8.2
973,41.6458567,-0.8620716,11.6
974,41.6539669,-0.899853,11.9
975,41.6508897,-0.8838048,34.8
976,41.655884,-0.8957471,4.0
977,41.637804,-0.8838022,13.4
978,41.6512092,-0.8903098,14.3
979,41.6389642,-0.8703142,13.9
980,41.6611578,-0.8777276,10.0
981,41.6300215,-0.8899223,10.5
982,41.6466174,-0.8727012,67.4
983,41.6447706,-0.8877288,9.9
984,41.6466559,-0.872755,10.4
985,41.6715241,-0.8881117,46.8
986,41.6584922,-0.9427783,11.0
987,41.6401547,-0.8883626,25.5
988,41.6537433,-0.873758,8.2
989,41.6336752,-0.8783004,34.9
990,41.6424542,-0.9082091,61.9
991,41.6745035,-0.8843158,24.9
992,41.6518403,-0.898759,8.2
993,41.6462176,-0.882239,13.5
994,41.6361722,-0.9344036,9.9
995,41.6465492,-0.9194273,19.4
996,41.6533625,-0.869981,14.2
997,41.6503886,-0.8809583,22.6
998,41.6480028,-0.8637017,11.2
999,41.6361811,-0.9344981,9.5
1000,41.6571175,-0.8826886,9.1
1001,41.6720703,-0.8851087,31.8
1002,41.6781745,-0.8714796,11.7
1003,41.6273144,-0.8878298,51.1
1004,41.6571546,-0.8950466,9.3
1005,41.646571,-0.8743916,12.4
1006,41.6551755,-0.906483,11.1
1007,41.6598673,-0.876899,9.0
1008,41.6444736,-0.8744314,40.1
1009,41.6454522,-0.8687996,15.4
1010,41.6446396,-0.8931896,55.3
1011,41.6477544,-0.8949999,18.3
1012,41.6608014,-0.8638178,46.1
1013,41.7700691,-1.1198957,15.0
1014,41.6543992,-0.8806811,16.9
1015,41.6313196,-0.7509538,10.9
1016,41.6672612,-0.8781066,9.8
1017,41.6549554,-0.8871496,21.1
1018,41.6692835,-0.9425937,12.1
1019,41.643536,-0.8690309,28.5
1020,41.6575265,-0.8578012,14.4
1021,41.6274685,-0.8876624,11.8
1022,41.64298,-0.894355,14.6
1023,41.6483592,-0.905375,10.3
1024,41.6703751,-0.8765264,38.2
1025,41.6311978,-0.8854802,14.0
1026,41.645595,-0.8901207,35.3
1027,41.6396208,-0.892053,10.6
1028,41.6402796,-0.9081596,44.5
1029,41.658647,-0.9003918,11.5
1030,41.652222,-0.8786662,69.5
1031,41.6279543,-0.885231,10.5
1032,41.648404,-0.883112,13.4
1033,41.6256535,-0.8781431,15.6
1034,41.6497097,-0.8730436,8.4
1035,41.6650236,-0.8554032,33.7
1036,41.6402504,-0.9103923,14.0
1037,41.6241402,-0.8795242,12.8
1038,41.635408,-0.8810472,10.7
1039,41.7062036,-0.9994038,14.8
1040,41.657824,-0.9195663,46.0
1041,41.6468438,-0.8749709,19.3
1042,41.6565527,-0.8809784,12.3
1043,41.6714146,-0.8868986,24.5
1044,41.6557476,-0.9146432,14.7
1045,41.6458726,-0.8826741,19.1
1046,41.6437982,-0.866897,12.0
1047,41.6565159,-0.8891414,14.7
1048,41.6625936,-0.8625828,19.6
1049,41.6452496,-0.8931803,8.8
1050,41.6594155,-0.7951945,43.2
1051,41.6241324,-0.8759422,11.1
1052,41.6478718,-0.8796326,25.7
1053,41.6486725,-0.9121236,6.2
1054,41.6550936,-0.878877,16.4
1055,41.6502508,-0.9332978,69.0
1056,41.6535156,-0.9069766,13.0
1057,41.6411104,-0.8934384,12.3
1058,41.6312762,-0.8854535,17.0
1059,41.6358184,-0.8825303,12.0
1060,41.6325604,-0.876275,9.1
1061,41.5571271,-0.9601102,11.7
1062,41.6398736,-0.8911102,18.9
1063,41.658551,-0.8723926,67.8
1064,41.6463446,-0.8967582,17.9
1065,41.6542424,-0.8773393,30.1
1066,41.6264618,-0.9125083,17.0
1067,41.6484212,-0.8624052,31.8
1068,41.6453349,-0.8801872,11.5
1069,41.6425445,-0.8947496,9.1
1070,41.6453326,-0.8849442,20.5
1071,41.6433712,-0.8945042,9.3
1072,41.6574121,-0.8705438,32.0
1073,41.6414834,-0.8670508,36.9
1074,41.5205258,-1.3465856,17.1
1075,41.648955,-0.8613514,15.9
1076,41.6608264,-0.8623532,101.7
1077,41.6552062,-0.877457,10.5
1078,41.6499038,-0.871765,9.6
1079,41.6589184,-0.9416079,10.2
1080,41.6455264,-0.861727,11.1
1081,41.678115,-0.8867642,34.7
1082,41.7074523,-1.0012163,10.4
1083,41.6679567,-0.8893164,31.1
1084,41.6530589,-0.8752681,10.0
1085,41.6401127,-0.8855606,14.2
1086,41.504486,-1.4054752,19.8
1087,41.6409764,-0.8879472,15.5
1088,41.6303485,-0.9090674,11.0
1089,41.6409733,-0.9084138,32.1
1090,41.629321,-0.8826659,13.5
1091,41.6516967,-0.910031,18.1
1092,41.6295208,-0.8758876,10.8
1093,41.6384123,-0.8841406,16.0
1094,41.6551674,-0.8799406,13.9
1095,41.6727942,-0.8389532,18.5
1096,41.6413078,-0.8870263,12.7
1097,41.6417011,-0.8885293,4.7
1098,41.6334955,-0.8753673,11.5
1099,41.6538096,-0.9046344,9.2
1100,41.6424536,-0.8693696,22.4
1101,41.6289861,-0.8854844,9.9
1102,41.6468209,-0.8892274,10.5
1103,41.6488076,-0.8909389,13.5
1104,41.7028355,-0.9994809,12.2
1105,41.6277293,-0.8917808,19.2
1106,41.6697013,-0.8765716,22.3
1107,41.6534958,-0.9103012,22.3
1108,41.661487,-0.8666136,10.5
1109,41.6445693,-0.8714794,13.1
1110,41.6403787,-0.8945809,3.2
1111,41.6455787,-0.8713006,35.5
1112,41.6328658,-0.8852114,12.9
1113,41.6418166,-0.8689226,9.1
1114,41.6522744,-0.876713,10.1
1115,41.6424574,-0.8748464,18.8
1116,41.674935,-0.8773387,33.1
1117,41.6416506,-0.8761229,28.2
1118,41.64937,-0.9031362,10.5
1119,41.706164,-1.0028829,9.2
1120,41.6598506,-0.9014362,10.5
1121,41.6459494,-0.8901458,11.0
1122,41.6469352,-0.893234,11.8
1123,41.6513952,-0.8925696,12.2
1124,41.6492018,-0.8969856,39.1
1125,41.6431136,-0.8656366,11.9
1126,41.6431057,-0.9106969,9.5
1127,41.6548034,-0.8982506,14.1
1128,41.6350057,-0.8824977,17.0
1129,41.6516571,-0.9155961,15.0
1130,41.6530662,-0.9124232,15.6
1131,41.6744837,-0.8841635,12.5
1132,41.6359474,-0.879935,9.0
1133,41.636589,-0.8797112,12.3
1134,41.6274884,-0.8920617,8.6
1135,41.6415309,-0.8960466,31.5
1136,41.6555139,-0.8789934,13.4
1137,41.6493523,-0.880111,21.9
1138,41.6367958,-0.8744947,13.1
1139,41.6715945,-0.8925092,32.8
1140,41.6360086,-0.8785096,13.8
1141,41.647424,-0.8584118,19.8
1142,41.6396682,-0.8766384,85.2
1143,41.641759,-0.8664338,10.4
1144,41.6460285,-0.8901181,15.0
1145,41.9195845,-1.2543356,12.4
1146,41.5968397,-0.9298453,13.6
1147,41.6500287,-0.8836621,15.3
1148,41.7180252,-1.0275706,17.3
1149,41.6421462,-0.8683646,18.8
1150,41.7055593,-0.999161,9.8
1151,41.6552226,-0.8811265,18.8
1152,41.6419272,-0.8701719,11.0
1153,41.6496197,-0.8711475,37.7
1154,41.6607601,-0.8602512,11.2
1155,41.6496831,-0.8822066,14.4
1156,41.637018,-0.8784374,9.3
1157,41.6418715,-0.8933829,19.3
1158,41.650946,-0.925211,14.8
1159,41.6475796,-0.8584418,14.3
1160,41.6514572,-0.8777868,10.7
1161,41.6683267,-0.88608,11.5
1162,41.6613278,-0.8951114,11.3
1163,41.645264,-0.8895798,15.4
1164,41.6366276,-0.8761333,23.5
1165,41.6478455,-0.8821189,25.5
1166,41.6353402,-0.9828231,12.4
1167,41.6538683,-0.9019538,14.1
1168,41.627408,-0.8877738,9.0
1169,41.6539452,-0.9023054,17.7
1170,41.6421451,-0.885475,14.3
1171,41.7063424,-0.996638,10.1
1172,41.6386942,-0.8903926,16.3
1173,41.6520869,-0.9111923,9.1
1174,41.6591287,-0.8994417,9.3
1175,41.650805,-0.8983171,18.9
1176,41.6458761,-0.886928,12.5
1177,41.6466688,-0.8822752,12.5
1178,41.6599676,-0.9328244,20.2
1179,41.6746281,-0.9493652,52.2
1180,41.6452574,-0.8895826,10.9
1181,41.706272,-1.002503,9.3
1182,41.6388292,-0.8866958,25.9
1183,41.7727141,-0.8230404,22.5
1184,41.6394175,-0.8849278,11.2
1185,41.6569147,-0.8932552,12.3
1186,41.6265364,-0.9112598,18.7
1187,41.6726369,-0.8725304,17.2
1188,41.7062729,-1.0024808,28.5
1189,41.6555608,-0.8897944,15.6
1190,41.6416668,-0.8914354,11.3
1191,41.6535438,-0.8758174,10.3
1192,41.6535714,-0.881375,9.1
1193,41.6380042,-0.8898444,12.4
1194,41.6508107,-0.8835457,8.6
1195,41.7061054,-1.0030966,8.5
1196,41.6717934,-0.8757117,17.8
1197,41.6513722,-0.8684112,12.3
1198,41.6452315,-0.8754107,56.3
1199,41.6480001,-0.9157937,26.6
1200,41.6485951,-0.8979534,16.3
1201,41.6532028,-0.8849186,18.7
1202,41.6417324,-0.8911916,13.5
1203,41.6454531,-0.8879224,11.4
1204,41.6491,-0.921943,30.4
1205,41.650662,-0.8874746,9.1
1206,41.6716924,-0.87599,17.8
1207,41.6324353,-0.8786632,30.5
1208,41.646463,-0.8949008,22.1
1209,41.6432326,-0.8692264,23.7
1210,41.6455771,-0.8879431,79.5
1211,41.6483218,-0.9161372,34.0
1212,41.6281345,-0.8880808,10.5
1213,41.6533837,-0.8808852,9.1
1214,41.6481096,-0.8976335,10.2
1215,41.6322312,-0.8780978,55.5
1216,41.6455803,-0.8665564,19.5
1217,41.6506238,-0.901571,10.8
1218,41.6469524,-0.8734633,13.3
1219,41.659052,-0.8994466,10.1
1220,41.662697,-0.8577324,9.4
1221,41.6548208,-0.8867838,31.5
1222,41.6462365,-0.8647754,9.3
1223,41.6455402,-0.8642363,30.0
1224,41.6697166,-0.9470084,12.1
1225,41.6285232,-0.8836662,11.1
1226,41.6328556,-0.8767807,13.1
1227,41.6533101,-0.8700046,19.2
1228,41.6624692,-0.8799026,16.1
1229,41.5787135,-1.1169268,12.5
1230,41.6642645,-0.8560298,102.5
1231,41.6444864,-0.8744004,41.2
1232,41.6323554,-0.8881482,14.7
1233,41.6777956,-0.8730104,79.6
1234,41.6744453,-0.8842181,30.7
1235,41.6405405,-0.8882856,10.6
1236,41.6550671,-0.8766322,46.0
1237,41.6610051,-0.8970012,18.0
1238,41.6629594,-0.8724748,19.9
1239,41.6455255,-0.8688706,9.4
1240,41.646123,-0.8703558,36.1
1241,41.6527507,-0.8914498,17.4
1242,41.6473416,-0.9009942,12.4
1243,41.6504222,-0.8871619,15.3
1244,41.6612824,-0.8951877,9.4
1245,41.6510085,-0.8813354,13.6
1246,41.648518,-0.8903318,11.1
1247,41.6452984,-0.8980174,3.7
1248,41.6443628,-0.8957639,9.7
1249,41.6504664,-0.861535,15.0
1250,41.6605481,-0.9025434,18.6
1251,41.6301809,-0.884168,11.0
1252,41.639161,-0.9344331,9.7
1253,41.6511558,-0.899636,8.7
1254,41.50763,-1.0311229,12.1
1255,41.6506959,-0.8723241,35.3
1256,41.6455335,-0.8983772,9.6
1257,41.6416171,-0.8846836,9.9
1258,41.6606654,-0.9027366,10.3
1259,41.6611121,-0.8628358,15.0
1260,41.6683242,-0.8859586,9.2
1261,41.6629874,-0.8723089,29.1
1262,41.6369231,-0.882678,16.8
1263,41.6277563,-0.8751825,27.0
1264,41.6593185,-0.8991193,9.1
1265,41.6666017,-0.8868378,9.6
1266,41.6504326,-0.8743543,15.5
1267,41.6370824,-0.8752318,15.7
1268,41.6425651,-0.8840805,34.5
1269,41.7716786,-1.1182013,15.6
1270,41.6497121,-0.8995834,16.0
1271,41.6259546,-0.8812644,21.2
1272,41.655772,-0.9129955,10.5
1273,41.624106,-0.8797588,11.2
1274,41.6455713,-0.8664675,17.5
1275,41.6247897,-0.8755378,9.0
1276,41.6476483,-0.9052884,11.0
1277,41.6517777,-0.8971102,42.6
1278,41.6681438,-0.8832828,22.3
1279,41.6347156,-0.8785169,36.8
1280,41.6706986,-0.8873186,61.9
1281,41.6626722,-0.8798894,33.7
1282,41.641589,-0.876299,25.9
1283,41.6758428,-0.8708848,46.6
1284,41.6324224,-0.7497163,25.1
1285,41.6527124,-0.8787996,27.4
1286,41.6478346,-0.8637334,18.2
1287,41.6608422,-0.9353034,9.1
1288,41.9131706,-1.2540085,13.6
1289,41.6415387,-0.8737506,17.0
1290,41.6608243,-0.8770274,11.7
1291,41.64905,-0.8852978,10.5
1292,41.6536818,-0.9021496,10.5
1293,41.6739012,-0.8571311,12.1
1294,41.552564,-0.9642656,12.1
1295,41.7171436,-1.0213382,12.9
1296,41.645433,-0.8815192,10.8
1297,41.6535881,-0.9071364,10.4
1298,41.6241339,-0.8759375,9.8
1299,41.6376422,-0.8829193,9.3
1300,41.6495034,-0.8737865,10.3
1301,41.6612012,-0.8634138,15.3
1302,41.67232,-0.8925099,26.7
1303,41.6713062,-0.8869281,16.4
1304,41.6488957,-0.8597277,19.0
1305,41.6388728,-0.8683839,40.0
1306,41.6476946,-0.8943145,10.6
1307,41.7949975,-1.162247,14.1
1308,41.6834537,-0.8706868,10.2
1309,41.6524071,-0.9230556,15.9
1310,41.640928,-0.9084494,30.1
1311,41.6428052,-0.8875085,29.6
1312,41.5783728,-1.1194044,15.2
1313,41.6412637,-0.8936353,13.0
1314,41.6431426,-0.8655262,14.3
1315,41.5706802,-0.7387652,8.7
1316,41.6715795,-0.8757167,17.8
1317,41.6498158,-0.879706,22.9
1318,41.6511936,-0.8683095,39.5
1319,41.6585872,-0.8644482,15.8
1320,41.657169,-0.8914344,21.6
1321,41.6391132,-0.8812814,27.4
1322,41.6496698,-0.9002708,12.0
1323,41.6574143,-0.8797209,77.6
1324,41.6504672,-0.8728322,10.9
1325,41.6527786,-0.9093524,10.4
1326,41.6881747,-0.8743138,22.8
1327,41.66143,-0.8950398,11.1
1328,41.6538004,-0.8864928,79.7
1329,41.6693966,-0.8923324,38.7
1330,41.6426186,-0.8744342,18.7
1331,41.6636352,-0.8645734,15.0
1332,41.6499754,-0.9064476,16.3
1333,41.6692437,-0.8842737,28.2
1334,41.6457941,-0.8736295,19.3
1335,41.6630199,-0.8722885,9.4
1336,41.6480464,-0.8975577,19.7
1337,41.6381811,-0.8949598,8.5
1338,41.6483582,-0.9055054,13.8
1339,41.6377906,-0.87541,16.5
1340,41.654835,-0.8983508,13.9
1341,41.6672025,-0.9306158,14.5
1342,41.6684462,-0.886228,9.2
1343,41.7387088,-1.0928436,12.1
1344,41.635373,-0.879835,12.1
1345,41.6453924,-0.8947283,9.1
1346,41.6276047,-0.8877847,14.2
1347,41.6504884,-0.8831934,14.6
1348,41.6011462,-0.921996,9.6
1349,41.6328712,-0.8887342,23.9
1350,41.6492746,-0.8881164,17.0
1351,41.6404904,-0.8693088,10.0
1352,41.5745061,-0.7464285,35.9
1353,41.6510805,-0.9072836,12.6
1354,41.6325942,-0.8840042,12.6
1355,41.6494006,-0.9112608,14.9
1356,41.6405314,-0.9353362,9.2
1357,41.6524954,-0.884871,47.9
1358,41.656002,-0.8918941,15.6
1359,41.6672516,-0.8781108,9.8
1360,41.7067258,-1.0027668,9.9
1361,41.6164978,-1.0675569,12.2
1362,41.6460262,-0.8710246,15.1
1363,41.7717059,-1.11812,12.1
1364,41.6737125,-0.873958,9.1
1365,41.7075044,-0.9987749,9.1
1366,41.6011467,-0.9221302,10.9
1367,41.6383479,-0.868612,17.9
1368,41.6713081,-0.8868934,36.3
1369,41.6440837,-0.8708109,9.1
1370,41.6395146,-0.8776832,10.2
1371,41.6241705,-0.8793846,13.7
1372,41.6724412,-0.8720374,21.8
1373,41.6409196,-0.8890609,11.9
1374,41.6625836,-0.8625738,16.6
1375,41.661507,-0.8630824,13.2
1376,41.6478211,-0.8923561,8.2
1377,41.7061774,-0.9992292,9.4
1378,41.6506712,-0.8776968,8.9
1379,41.6445802,-0.8880646,17.7
1380,41.6717502,-0.8862126,13.4
1381,41.6551276,-0.9065261,16.0
1382,41.6604966,-0.859125,9.2
1383,41.6405278,-0.9118031,28.3
1384,41.6506821,-0.8670182,16.4
1385,41.6425715,-0.8744642,19.0
1386,41.6395144,-0.8816418,17.8
1387,41.6744082,-0.8844253,20.0
1388,41.6512194,-0.9126744,9.6
1389,41.6431571,-0.8960644,27.5
1390,41.638908,-0.8851803,10.9
1391,41.6424855,-0.884304,11.6
1392,41.8300186,-0.762913,20.0
1393,41.6605592,-0.8657656,14.7
1394,41.6551201,-0.9079147,24.0
1395,41.637115,-0.8764262,16.2
1396,41.64533,-0.8843317,12.9
1397,41.6488596,-0.9128587,22.4
1398,41.6630224,-0.8624106,41.0
1399,41.649997,-0.9010558,13.2
1400,41.6602656,-0.8740098,20.6
1401,41.6407781,-0.8709671,10.4
1402,41.6269154,-0.8820171,16.9
1403,41.6411253,-0.8709782,19.8
1404,41.6625203,-0.8798354,24.1
1405,41.6425328,-0.8832225,3.9
1406,41.6520185,-0.8999667,8.9
1407,41.646227,-0.8646599,8.1
1408,41.6421548,-0.8941804,19.1
1409,41.6615903,-0.858012,21.6
1410,41.6521292,-0.8795906,9.8
1411,41.6257924,-0.8779864,29.2
1412,41.6532114,-0.8723674,22.6
1413,41.6268641,-0.8801097,13.6
1414,41.6452769,-0.8624032,10.5
1415,41.654429,-0.8807558,11.7
1416,41.6377624,-0.8839788,12.3
1417,41.6330712,-0.7561735,40.3
1418,41.6406593,-0.8886525,31.4
1419,41.6444363,-0.871541,13.6
1420,41.6527981,-0.9110205,32.2
1421,41.6490299,-0.8802767,41.8
1422,41.6394842,-0.87695,20.3
1423,41.655901,-0.864234,10.3
1424,41.6525106,-0.9068801,15.2
1425,41.6381195,-0.8773976,10.2
1426,41.6490222,-0.8824695,15.2
1427,41.6422832,-0.8940166,15.3
1428,41.6432526,-0.8719616,14.0
1429,41.6231072,-0.8751073,5.6
1430,41.5907343,-0.91929,12.8
1431,41.6530563,-0.9031334,29.6
1432,41.6535205,-0.8868793,19.8
1433,41.6590078,-0.8651381,13.8
1434,41.6557108,-0.8659901,11.1
1435,41.6598164,-0.9327272,13.3
1436,41.7178215,-1.0281554,12.6
1437,41.6536712,-0.875715,23.1
1438,41.6511615,-0.8903308,22.8
1439,41.6439366,-0.8856112,20.1
1440,41.6467268,-0.8979806,9.7
1441,41.647075,-0.8767093,8.7
1442,41.661078,-0.8602193,11.6
1443,41.7186509,-1.0370704,12.8
1444,41.6555634,-0.882083,12.2
1445,41.653685,-0.8772224,14.4
1446,41.6464584,-0.8831348,19.7
1447,41.6564234,-0.8891516,22.3
1448,41.6289398,-0.8882226,12.0
1449,41.6503644,-0.86033,9.1
1450,41.6472342,-0.8718744,86.0
1451,41.6552042,-0.8836462,20.5
1452,41.8871158,-0.7632493,11.9
1453,41.552602,-0.964139,25.0
1454,41.6453096,-0.8746962,11.0
1455,41.6425129,-0.8742353,26.0
1456,41.6370654,-0.8788285,8.5
1457,41.6442627,-0.8993862,37.1
1458,41.6267596,-0.9127416,13.6
1459,41.6607671,-0.8958612,40.8
1460,41.6376592,-0.8839789,11.5
1461,41.6503954,-0.8884911,10.3
1462,41.6351057,-0.8826186,17.3
1463,41.6455969,-0.8667204,37.2
1464,41.7230451,-1.0297416,11.8
1465,41.653331,-0.8757608,12.7
1466,41.6723478,-0.8773632,32.5
1467,41.6317484,-0.8890546,9.8
1468,41.6410157,-0.8667426,16.2
1469,41.6570861,-0.8940376,11.2
1470,41.6284473,-0.883655,8.9
1471,41.6325206,-0.8763868,13.6
1472,41.65769,-0.8668062,10.8
1473,41.6609894,-0.8624461,22.0
1474,41.6380844,-0.872867,28.5
1475,41.6568619,-0.8932064,10.5
1476,41.6683721,-0.885994,11.2
1477,41.6405764,-0.8883836,29.8
1478,41.6437352,-0.8686212,16.0
1479,41.6606617,-0.8769189,10.8
1480,41.6529497,-0.9125048,15.5
1481,41.649701,-0.9128252,8.7
1482,41.6571615,-0.8827764,9.1
1483,41.6496787,-0.9129276,10.0
1484,41.62474,-0.8759644,21.1
1485,41.678016,-0.8716432,33.8
1486,41.6362917,-0.86569,22.2
1487,41.642357,-0.8932055,20.9
1488,41.646798,-0.8910858,11.0
1489,41.6539196,-0.8789147,12.5
1490,41.6274299,-0.9120246,11.8
1491,41.6324585,-0.889731,12.3
1492,41.6465151,-0.9185508,21.9
1493,41.6517208,-0.9100902,15.8
1494,41.660749,-0.8602576,14.4
1495,41.6566962,-0.8919865,14.1
1496,41.684345,-0.870169,12.3
1497,41.6533725,-0.8792172,17.1
1498,41.6612367,-0.8952658,13.0
1499,41.6692102,-0.8833656,12.6
1500,41.6602408,-0.9021186,32.9
1501,41.6658096,-0.8823577,20.6
1502,41.5557906,-0.9586091,11.2
1503,41.7696453,-0.8243114,9.6
1504,41.6889646,-0.8743994,57.2
1505,41.6597612,-0.9668315,13.8
1506,41.625626,-0.8771855,22.9
1507,41.6599732,-0.8960104,16.4
1508,41.6290048,-0.8855962,8.7
1509,41.6355878,-0.881277,17.1
1510,41.655569,-0.903004,13.8
1511,41.6438857,-0.8934482,18.3
1512,41.6715198,-0.8757143,17.8
1513,41.6404268,-0.9372854,53.6
1514,41.6500638,-0.8625914,9.8
1515,41.6457066,-0.8799606,17.1
1516,41.6501336,-0.9054182,8.2
1517,41.6482192,-0.9000233,25.8
1518,41.6404964,-0.8921242,15.4
1519,41.652617,-0.8811163,9.4
1520,41.6553292,-0.9153545,39.9
1521,41.6403511,-0.9016904,27.5
1522,41.6492446,-0.9077114,11.0
1523,41.6440758,-0.882136,9.1
1524,41.6534235,-0.869916,17.1
1525,41.6467016,-0.8959874,23.2
1526,41.6478936,-0.9050744,9.3
1527,41.6277132,-0.8915649,9.1
1528,41.6569567,-0.8884345,11.0
1529,41.635521,-0.8748153,9.9
1530,41.6545142,-0.898545,12.8
1531,41.6524902,-0.874266,10.6
1532,41.6612803,-0.8985447,12.8
1533,41.6491563,-0.861611,10.2
1534,41.6537594,-0.9078156,9.7
1535,41.5076246,-1.0312564,11.4
1536,41.6625946,-0.8799794,13.0
1537,41.64546,-0.8663549,14.5
1538,41.6257284,-0.8771064,31.6
1539,41.6309482,-0.8865959,11.2
1540,41.65303,-0.8785073,9.5
1541,41.6453514,-0.908861,49.4
1542,41.6466548,-0.8745369,12.6
1543,41.6477218,-0.8833424,17.2
1544,41.6675525,-0.8842872,26.9
1545,41.6371644,-0.8743852,17.0
1546,41.644164,-0.8932332,9.8
1547,41.6285508,-0.8849224,14.0
1548,41.6377138,-0.8657698,39.9
1549,41.6445242,-0.8745493,55.9
1550,41.6504115,-0.8616038,16.3
1551,41.6497908,-0.877457,14.0
1552,41.6511009,-0.8757432,42.5
1553,41.6330298,-0.8877786,9.2
1554,41.6721004,-0.8923927,31.0
1555,41.6933144,-0.8990337,10.9
1556,41.6536066,-0.8739094,10.0
1557,41.6409625,-0.8848046,16.6
1558,41.6721539,-0.8882651,11.4
1559,41.6731622,-0.888065,13.1
1560,41.6393964,-0.8809668,44.4
1561,41.6435945,-0.8797609,51.6
1562,41.653715,-0.8869751,12.7
1563,41.6686682,-0.8862185,13.1
1564,41.6302061,-0.8869932,9.7
1565,41.6611326,-0.8632742,35.7
1566,41.6489084,-0.8697914,50.8
1567,41.6518806,-0.8734697,10.4
1568,41.6524434,-0.8984807,14.5
1569,41.6511091,-0.8771719,9.1
1570,41.6401021,-0.896068,32.9
1571,41.6607406,-0.8768112,13.6
1572,41.6554293,-0.9041342,25.8
1573,41.6507946,-0.9043423,9.5
1574,41.6616604,-0.8738008,28.7
1575,41.6477598,-0.8740194,22.1
1576,41.6483357,-0.8998678,8.6
1577,41.6607972,-0.8769456,16.2
1578,41.6424492,-0.8691855,11.0
1579,41.4764091,-1.3781987,31.6
1580,41.6507022,-0.8776874,10.1
1581,41.6404936,-0.9123028,19.4
1582,41.6215935,-0.9127528,18.5
1583,41.6389376,-0.8852014,26.7
1584,41.6398501,-0.8963149,11.5
1585,41.6468118,-0.8978376,10.4
1586,41.6559291,-0.8945912,9.8
1587,41.6676836,-0.8831856,11.1
1588,41.6510542,-0.8842757,36.2
1589,41.648739,-0.861649,9.1
1590,41.6495176,-0.8907082,10.7
1591,41.6613088,-0.8950229,13.5
1592,41.6505358,-0.9077234,9.5
1593,41.6496514,-0.891466,35.9
1594,41.6401654,-0.8975684,29.5
1595,41.9012509,-1.4206396,15.5
1596,41.6498198,-0.8738098,8.7
1597,41.6611616,-0.8631846,74.3
1598,41.6505222,-0.9126048,10.8
1599,41.6384117,-0.8980498,24.5
1600,41.6415392,-0.8713119,9.4
1601,41.6559288,-0.8877431,12.6
1602,41.6445324,-0.871516,10.8
1603,41.6491907,-0.8614524,9.6
1604,41.6495696,-0.9064376,9.6
1605,41.646578,-0.872474,12.5
1606,41.6485751,-0.8998936,36.8
1607,41.6404149,-0.891251,13.6
1608,41.6437405,-0.8754598,9.9
1609,41.650791,-0.8679025,29.3
1610,41.6361365,-0.8887472,10.2
1611,41.6392152,-0.8893574,10.7
1612,41.627592,-0.8876235,15.3
1613,41.6680054,-0.8893812,31.5
1614,41.6461389,-0.8908816,10.5
1615,41.6435926,-0.9295528,12.2
1616,41.647146,-0.901106,8.6
1617,41.6929502,-0.8979477,11.0
1618,41.6532202,-0.8807051,9.2
1619,41.6515213,-0.913517,13.1
1620,41.6587504,-0.8709329,27.8
1621,41.6423574,-0.8679003,9.1
1622,41.6564616,-0.919678,15.4
1623,41.6767115,-0.8880048,17.3
1624,41.6498194,-0.9086562,9.3
1625,41.7390704,-1.0376296,15.0
1626,41.6548496,-0.8871734,11.4
1627,41.655756,-0.891949,11.1
1628,41.658928,-0.941529,14.5
1629,41.6419152,-0.8918614,31.3
1630,41.6448388,-0.8800292,8.7
1631,41.6437485,-0.909391,16.4
1632,41.6304123,-0.8841858,19.5
1633,41.6291844,-0.8894635,9.4
1634,41.6485688,-0.9234433,15.8
1635,41.6787855,-0.8866885,46.2
1636,41.6556592,-0.8805392,14.0
1637,41.6451026,-0.8749924,24.1
1638,41.6532425,-0.876777,12.3
1639,41.6357842,-0.8748266,16.4
1640,41.6480415,-0.8615492,10.3
1641,41.6497024,-0.8709514,17.8
1642,41.64099,-0.865661,36.8
1643,41.6539145,-0.857382,33.9
1644,41.6495159,-0.859355,13.4
1645,41.6419471,-0.888232,13.9
1646,41.6531852,-0.9277946,10.7
1647,41.6550647,-0.8797262,17.8
1648,41.6269344,-0.9117269,26.9
1649,41.6357842,-0.8780136,21.0
1650,41.65844,-0.87478,29.3
1651,41.6820313,-0.964633,11.6
1652,41.6488846,-0.8976437,18.5
1653,41.6410561,-0.8710228,15.0
1654,41.7061204,-1.0028086,9.4
1655,41.644848,-0.8638382,8.6
1656,41.6432814,-0.8691739,44.6
1657,41.6444263,-0.8951236,24.5
1658,41.6465675,-0.9185885,13.3
1659,41.6365104,-0.8792406,15.4
1660,41.6497057,-0.8969948,40.2
1661,41.6488586,-0.890978,16.2
1662,41.649697,-0.9172504,3.7
1663,41.6490986,-0.9131146,12.4
1664,41.6440891,-0.8690138,8.2
1665,41.7170971,-1.0214147,10.3
1666,41.6524723,-0.875392,17.6
1667,41.6390462,-0.8978852,34.0
1668,41.6559822,-0.8918064,14.7
1669,41.6269702,-0.8799942,8.9
1670,41.6629671,-0.8724989,12.4
1671,41.6479525,-0.9157714,18.5
1672,41.6718628,-0.8757111,17.8
1673,41.6276532,-0.892051,13.7
1674,41.6461686,-0.8630786,11.7
1675,41.648768,-0.9049814,12.9
1676,41.6716058,-0.8759816,17.8
1677,41.6465968,-0.889274,13.3
1678,41.626851,-0.8798694,13.9
1679,41.6882223,-0.8744717,54.9
1680,41.5979508,-0.9330335,14.7
1681,41.7087288,-0.9986738,10.7
1682,41.66083,-0.8636824,60.1
1683,41.6696542,-0.8919848,26.0
1684,41.6241792,-0.8795242,10.5
1685,41.6581345,-0.8664955,13.0
1686,41.6717634,-0.8760008,17.8
1687,41.6582375,-0.9363978,13.1
1688,41.6464155,-0.8878098,26.0
1689,41.6556181,-0.9047492,15.6
1690,41.7195239,-1.0262399,13.2
1691,41.641574,-0.876274,27.5
1692,41.6292348,-0.8908994,10.4
1693,41.6591018,-0.8983408,14.7
1694,41.6779365,-0.8715955,13.4
1695,41.6697779,-0.8828302,11.5
1696,41.6457478,-0.8818402,17.0
1697,41.6402538,-0.8941986,28.2
1698,41.655527,-0.8800244,35.0
1699,41.6382648,-0.8977132,13.9
1700,41.6449491,-0.8617808,10.8